currency,period,rate_to_usd
USD,2026-06,1.000000
GBP,2026-06,1.272000
EUR,2026-06,1.084000
CAD,2026-06,0.731000
